=IMAGE("https://auctions.leonardjoel.com.au/Thumb//257/40840257tn.jpg", 1)
=IMAGE("https://auctions.leonardjoel.com.au/Thumb//859/40856859tn.jpg", 1)
=IMAGE("https://auctions.leonardjoel.com.au/Thumb//269/40840269tn.jpg", 1)
=IMAGE("https://auctions.leonardjoel.com.au/Thumb//921/40833921tn.jpg", 1)
=IMAGE("https://auctions.leonardjoel.com.au/Thumb//822/40832822tn.jpg", 1)
=IMAGE("https://auctions.leonardjoel.com.au/Thumb//321/40860321tn.jpg", 1)
=IMAGE("https://auctions.leonardjoel.com.au/Thumb//065/40859065tn.jpg", 1)
=IMAGE("https://auctions.leonardjoel.com.au/Thumb//323/40860323tn.jpg", 1)
=IMAGE("https://auctions.leonardjoel.com.au/Thumb//066/40859066tn.jpg", 1)
=IMAGE("https://auctions.leonardjoel.com.au/Thumb//511/40856511tn.jpg", 1)
=IMAGE("https://auctions.leonardjoel.com.au/Thumb//324/40860324tn.jpg", 1)
=IMAGE("https://auctions.leonardjoel.com.au/Thumb//343/40860343tn.jpg", 1)
=IMAGE("https://auctions.leonardjoel.com.au/Thumb//397/40857397tn.jpg", 1)
=IMAGE("https://auctions.leonardjoel.com.au/Thumb//033/40849033tn.jpg", 1)
=IMAGE("https://auctions.leonardjoel.com.au/Thumb//063/40860063tn.jpg", 1)
=IMAGE("https://auctions.leonardjoel.com.au/Thumb//064/40860064tn.jpg", 1)
=IMAGE("https://auctions.leonardjoel.com.au/Thumb//115/40835115tn.jpg", 1)
=IMAGE("https://auctions.leonardjoel.com.au/Thumb//887/40852887tn.jpg", 1)
=IMAGE("https://auctions.leonardjoel.com.au/Thumb//059/40860059tn.jpg", 1)
=IMAGE("https://auctions.leonardjoel.com.au/Thumb//439/40859439tn.jpg", 1)
=IMAGE("https://auctions.leonardjoel.com.au/Thumb//447/40859447tn.jpg", 1)
=IMAGE("https://auctions.leonardjoel.com.au/Thumb//062/40860062tn.jpg", 1)
=IMAGE("https://auctions.leonardjoel.com.au/Thumb//510/40856510tn.jpg", 1)
=IMAGE("https://auctions.leonardjoel.com.au/Thumb//117/40835117tn.jpg", 1)
=IMAGE("https://auctions.leonardjoel.com.au/Thumb//285/40840285tn.jpg", 1)
=IMAGE("https://auctions.leonardjoel.com.au/Thumb//678/40852678tn.jpg", 1)
=IMAGE("https://auctions.leonardjoel.com.au/Thumb//685/40847685tn.jpg", 1)
=IMAGE("https://auctions.leonardjoel.com.au/Thumb//639/40852639tn.jpg", 1)
=IMAGE("https://auctions.leonardjoel.com.au/Thumb//061/40860061tn.jpg", 1)
=IMAGE("https://auctions.leonardjoel.com.au/Thumb//122/40835122tn.jpg", 1)
=IMAGE("https://auctions.leonardjoel.com.au/Thumb//132/40835132tn.jpg", 1)
=IMAGE("https://auctions.leonardjoel.com.au/Thumb//506/40849506tn.jpg", 1)